{
  "variants": {
    "variant=0": [
      { "model": "westerosblocks:leaves_block_3_0_bf" },
      { "model": "westerosblocks:leaves_block_3_0_bf", "y": 90 },
      { "model": "westerosblocks:leaves_block_3_0_bf", "y": 180 },
      { "model": "westerosblocks:leaves_block_3_0_bf", "y": 270 },
      { "model": "westerosblocks:leaves_block_3_0_bf2" },
      { "model": "westerosblocks:leaves_block_3_0_bf2", "y": 90 },
      { "model": "westerosblocks:leaves_block_3_0_bf2", "y": 180 },
      { "model": "westerosblocks:leaves_block_3_0_bf2", "y": 270 }
    ]
  }
}