{
  "parent": "block/block",
  "textures": {
    "end": "westerosblocks:blocks/leaves_block_0/leaves_weirwood",
    "side": "westerosblocks:blocks/leaves_block_0/leaves_weirwood",
    "particle": "westerosblocks:blocks/leaves_block_0/leaves_weirwood"
  },
  "elements": [
    {
      "from": [
        0,
        0,
        0
      ],
      "to": [
        16,
        16,
        16
      ],
      "faces": {
        "east": {
          "uv": [
            0,
            0,
            16,
            16
          ],
          "texture": "#side",
          "cullface": "east"
        },
        "south": {
          "uv": [
            0,
            0,
            16,
            16
          ],
          "texture": "#side",
          "cullface": "south"
        },
        "north": {
          "uv": [
            0,
            0,
            16,
            16
          ],
          "texture": "#side",
          "cullface": "north"
        },
        "west": {
          "uv": [
            0,
            0,
            16,
            16
          ],
          "texture": "#side",
          "cullface": "west"
        },
        "up": {
          "uv": [
            0,
            0,
            16,
            16
          ],
          "texture": "#end",
          "cullface": "up"
        },
        "down": {
          "uv": [
            0,
            0,
            16,
            16
          ],
          "texture": "#end",
          "cullface": "down"
        }
      }
    }
  ]
}