{
	"credit": "Made with Blockbench",
	"ambientocclusion": true,
	"texture_size": [32, 32],
	"textures": {
    "0": "westerosblocks:blocks/leaves_block_0/leaves_spruce_snowy",
		"1": "westerosblocks:blocks/leaves_block_bf/leaves_bf_spruce_snowy",
		"bottom": "westerosblocks:blocks/leaves_block_0/leaves_spruce",
		"top": "westerosblocks:blocks/leaves_block_0/leaves_spruce_snowy_top",
    "particle": "westerosblocks:blocks/leaves_block_0/leaves_spruce_snowy"
	},
	"elements": [
		{
			"name": "Base",
			"from": [0, 0, 0],
			"to": [16, 16, 16],
			"faces": {
				"north": {"uv": [0, 0, 16, 16], "texture": "#0" },
				"east": {"uv": [0, 0, 16, 16], "texture": "#0" },
				"south": {"uv": [0, 0, 16, 16], "texture": "#0" },
				"west": {"uv": [0, 0, 16, 16], "texture": "#0" },
				"up": {"uv": [0, 0, 16, 16], "texture": "#top" },
				"down": {"uv": [0, 0, 16, 16], "texture": "#bottom" }
			}
		},
		{
			"name": "Cross1",
			"from": [-11, -11, 5],
			"to": [27, 27, 5],
			"rotation": {"angle": -22.5, "axis": "y", "origin": [8, 8, 8]},
			"shade": false,
			"faces": {
				"north": {"uv": [0, 0, 16, 16], "texture": "#1" },
				"east": {"uv": [0, 0, 16, 16], "texture": "#1" },
				"south": {"uv": [0, 0, 16, 16], "texture": "#1" },
				"west": {"uv": [0, 0, 16, 16], "texture": "#1" },
				"up": {"uv": [0, 0, 16, 16], "texture": "#1" },
				"down": {"uv": [0, 0, 16, 16], "texture": "#1" }
			}
		},
		{
			"name": "Cross2",
			"from": [-11, -11, 7],
			"to": [27, 27, 7],
			"rotation": {"angle": 22.5, "axis": "y", "origin": [8, 8, 8]},
			"shade": false,
			"faces": {
				"north": {"uv": [0, 0, 16, 16], "texture": "#1" },
				"east": {"uv": [0, 0, 16, 16], "texture": "#1" },
				"south": {"uv": [0, 0, 16, 16], "texture": "#1" },
				"west": {"uv": [0, 0, 16, 16], "texture": "#1" },
				"up": {"uv": [0, 0, 16, 16], "texture": "#1" },
				"down": {"uv": [0, 0, 16, 16], "texture": "#1" }
			}
		},
		{
			"name": "Cross3",
			"from": [10, -11, -11],
			"to": [10, 27, 27],
			"rotation": {"angle": -22.5, "axis": "y", "origin": [8, 8, 8]},
			"shade": false,
			"faces": {
				"north": {"uv": [0, 0, 16, 16], "texture": "#1" },
				"east": {"uv": [0, 0, 16, 16], "texture": "#1" },
				"south": {"uv": [0, 0, 16, 16], "texture": "#1" },
				"west": {"uv": [0, 0, 16, 16], "texture": "#1" },
				"up": {"uv": [0, 0, 16, 16], "texture": "#1" },
				"down": {"uv": [0, 0, 16, 16], "texture": "#1" }
			}
		},
		{
			"name": "Cross4",
			"from": [12, -11, -11],
			"to": [12, 27, 27],
			"rotation": {"angle": 22.5, "axis": "y", "origin": [8, 8, 8]},
			"shade": false,
			"faces": {
				"north": {"uv": [0, 0, 16, 16], "texture": "#1" },
				"east": {"uv": [0, 0, 16, 16], "texture": "#1" },
				"south": {"uv": [0, 0, 16, 16], "texture": "#1" },
				"west": {"uv": [0, 0, 16, 16], "texture": "#1" },
				"up": {"uv": [0, 0, 16, 16], "texture": "#1" },
				"down": {"uv": [0, 0, 16, 16], "texture": "#1" }
			}
		}
	]
}